<?xml version="1.0" encoding="UTF-8"?>
<beans xmlns="http://www.springframework.org/schema/beans"
	xmlns:xsi="http://www.w3.org/2001/XMLSchema-instance" xmlns:context="http://www.springframework.org/schema/context"
	xsi:schemaLocation="
		http://www.springframework.org/schema/beans http://www.springframework.org/schema/beans/spring-beans-3.0.xsd
		http://www.springframework.org/schema/context http://www.springframework.org/schema/context/spring-context-3.0.xsd">

	<context:component-scan base-package="org.gliderwiki.rest" />
	<!-- To enable @RequestMapping process on type level and method level -->
	<bean class="org.springframework.web.servlet.mvc.annotation.DefaultAnnotationHandlerMapping" />
	<bean class="org.springframework.web.servlet.mvc.annotation.AnnotationMethodHandlerAdapter">
		<property name="messageConverters">
			<list>
				<ref bean="marshallingConverter" />
				<ref bean="atomConverter"  />
				<ref bean="jsonConverter" />
			</list>
		</property>
	</bean>

	<bean id="marshallingConverter" class="org.springframework.http.converter.xml.MarshallingHttpMessageConverter">
    	<constructor-arg ref="jaxbMarshaller" />
    	<property name="supportedMediaTypes" value="application/xml;charset=UTF-8"/>
	</bean>

	<bean id="atomConverter" class="org.springframework.http.converter.feed.AtomFeedHttpMessageConverter">
		<property name="supportedMediaTypes" value="application/atom+xml;charset=UTF-8" />
	</bean>

	<bean id="jsonConverter" class="org.springframework.http.converter.json.MappingJacksonHttpMessageConverter">
		<property name="supportedMediaTypes" value="application/json;charset=UTF-8" />
	</bean>

	<!-- Client -->
	<bean id="restTemplate" class="org.springframework.web.client.RestTemplate">
		<property name="messageConverters">
			<list>
				<ref bean="marshallingConverter" />
				<ref bean="atomConverter"  />
				<ref bean="jsonConverter" />
			</list>
		</property>
	</bean>
	
	<bean id="jaxbMarshaller" class="org.springframework.oxm.jaxb.Jaxb2Marshaller">
		<property name="classesToBeBound">
			<list>
				<value>org.gliderwiki.rest.bean.Employee</value>
				<value>org.gliderwiki.rest.bean.EmployeeList</value>
			</list>
		</property>
	</bean>

	<bean id="employees" class="org.springframework.web.servlet.view.xml.MarshallingView">
		<constructor-arg ref="jaxbMarshaller" />
	</bean>

	<bean class="org.springframework.web.servlet.view.ContentNegotiatingViewResolver">
		<property name="mediaTypes">
		    <map>
		        <entry key="xml" value="application/xml;charset=UTF-8"/>
		        <entry key="json" value="application/json;charset=UTF-8"/>
		        <entry key="html" value="text/html;charset=UTF-8"/>
		    </map>
		</property>
		<property name="viewResolvers">
		    <list>
		        <bean class="org.springframework.web.servlet.view.BeanNameViewResolver"/>
		        <bean id="viewResolver" class="org.springframework.web.servlet.view.UrlBasedViewResolver">
					<property name="viewClass" value="org.springframework.web.servlet.view.JstlView"/>
					<property name="prefix" value="/WEB-INF/views/"/>
					<property name="suffix" value=".jsp"/>
					<property name="contentType" value="text/html;charset=UTF-8" />
				</bean>
		    </list>
		</property>
	</bean>
	
	<!--bean id="viewResolver" class="org.springframework.web.servlet.view.BeanNameViewResolver" /-->

	<bean id="employeeController" class="org.gliderwiki.rest.EmployeeController">
		<property name="employeeDS" ref="employeeDS" />
		<property name="jaxb2Mashaller" ref="jaxbMarshaller" />
	</bean>
	
</beans>