<?xml version="1.0" encoding="UTF-8"?>
<beans xmlns="http://www.springframework.org/schema/beans"
	xmlns:p="http://www.springframework.org/schema/p"
	xmlns:context="http://www.springframework.org/schema/context"
	xmlns:xsi="http://www.w3.org/2001/XMLSchema-instance"
	xmlns:aop="http://www.springframework.org/schema/aop"
	xmlns:tx="http://www.springframework.org/schema/tx"
	xmlns:util="http://www.springframework.org/schema/util"
	xsi:schemaLocation="http://www.springframework.org/schema/beans http://www.springframework.org/schema/beans/spring-beans-3.0.xsd
						http://www.springframework.org/schema/aop http://www.springframework.org/schema/aop/spring-aop-3.0.xsd
						http://www.springframework.org/schema/tx http://www.springframework.org/schema/tx/spring-tx-3.0.xsd
						http://www.springframework.org/schema/context
						http://www.springframework.org/schema/context/spring-context-3.0.xsd
						http://www.springframework.org/schema/util http://www.springframework.org/schema/util/spring-util-3.0.xsd">

	<!-- import resource(성격이 다른 applicationContext를 분리함) -->
	<import resource="/applicationContext-jdbc.xml" />
	<import resource="/applicationContext-redis.xml" />
	<import resource="classpath:/org/gliderwiki/web/system/message/applicationContext-common-message.xml" />

	<bean id="requestManager" class="org.gliderwiki.util.RequestManager" />

	<util:properties id="config" location="/WEB-INF/spring/properties/config/config.properties" />

	<bean id="notiCipherManager" class="org.gliderwiki.framework.util.SimpleAesStringCipherManagerFactory">
		<property name="base64EncodedKey" value="#{config['alarm.key']}"/>
	</bean>

</beans>