<?xml version="1.0" encoding="UTF-8"?>
<beans default-autowire="byName"
	xmlns="http://www.springframework.org/schema/beans" xmlns:xsi="http://www.w3.org/2001/XMLSchema-instance"
	xmlns:redis="http://www.springframework.org/schema/redis" xmlns:p="http://www.springframework.org/schema/p"
	xmlns:cache="http://www.springframework.org/schema/cache"
	xmlns:c="http://www.springframework.org/schema/c"
	xmlns:util="http://www.springframework.org/schema/util"
	xsi:schemaLocation="http://www.springframework.org/schema/beans http://www.springframework.org/schema/beans/spring-beans.xsd
	http://www.springframework.org/schema/cache http://www.springframework.org/schema/cache/spring-cache.xsd
	http://www.springframework.org/schema/util http://www.springframework.org/schema/util/spring-util-3.1.xsd
	http://www.springframework.org/schema/redis http://www.springframework.org/schema/redis/spring-redis.xsd">

	<bean id="redisPoolConfig" class="redis.clients.jedis.JedisPoolConfig">
		<property name="maxActive" value="${redis.server.maxActive}" />
	</bean>

	<bean id="redisConnectionFactory" class="org.springframework.data.redis.connection.jedis.JedisConnectionFactory">
		<property name="usePool" value="true" />
		<property name="hostName" value="${redis.server.host}" />
		<property name="port" value="${redis.server.port}" />
		<property name="timeout" value="2000" />
		<property name="poolConfig" ref="redisPoolConfig" />
	</bean>

	<bean id="redisTemplate" class="org.springframework.data.redis.core.RedisTemplate"
		p:connectionFactory-ref="redisConnectionFactory" primary="true">
		<property name="keySerializer">
			<bean
				class="org.springframework.data.redis.serializer.StringRedisSerializer" />
		</property>
	</bean>

	<!-- 현재 사용안함  RedisTemplate 을 상속하여 Spring-Data에서 redis로의 데이터 접근 및 처리명령을 제공하는 helper -->
	<bean id="stringRedisTemplate" class="org.springframework.data.redis.core.StringRedisTemplate"
		p:connectionFactory-ref="redisConnectionFactory" />

</beans>