<?xml version="1.0" encoding="UTF-8"?>
<!DOCTYPE sitemesh>
<sitemesh>
    <property name="decorators-file" value="/WEB-INF/decorators.xml"/>
    <excludes file="${decorators-file}"/>

	<page-parsers>
		<parser content-type="text/html" class="com.opensymphony.module.sitemesh.parser.HTMLPageParser" />
	</page-parsers>

	<decorator-mappers>
		<!--
			아래 Decorator Mapper 순서에 주의할 것. 순서 함부로 바꾸지 말 것.
		 -->
		<mapper class="com.opensymphony.module.sitemesh.mapper.PageDecoratorMapper">
			<param name="property.1" value="meta.decorator" />
			<param name="property.2" value="decorator" />
		</mapper>

		<mapper class="com.opensymphony.module.sitemesh.mapper.InlineDecoratorMapper">
			<!--
				request에 com.opensymphony.module.sitemesh.RequestConstants.DECORATOR 의 속성 값으로
				데코레이터 이름을 지정한다.
			-->
		</mapper>

		<mapper class="com.opensymphony.module.sitemesh.mapper.ConfigDecoratorMapper">
			<param name="config" value="${decorators-file}" />
		</mapper>

	</decorator-mappers>

</sitemesh>